Название компании,Персонализация,Письмо 1 - Тема,Письмо 1 - Тело,Письмо 2 - Тема,Письмо 2 - Тело,Письмо 3 - Тема,Письмо 3 - Тело
"ООО ""Яндекс""",Развивает облачную платформу Yandex Cloud для корпоративных клиентов,Развивает облачную платформу Yandex Cloud для,"Привет, Аркадий!

Развивает облачную платформу Yandex Cloud для корпоративных клиентов — это отличный ход. Кстати, мы в Polza Agency как раз помогаем B2B-компаниям привлекать клиентов через холодные рассылки.

Бесплатно сделаем аудит вашей текущей стратегии и покажем, как можно увеличить поток лидов.

Есть ли у вас время на короткий звонок в ближайшие дни?","Идея для IT/Софт / Результат, который мы получили","Привет, Аркадий!

Я писал вам на днях насчет автоматизации аутрича. Возможно, сейчас не самое подходящее время, но хочу поделиться кейсом.

Недавно мы запустили рассылку для компании из вашей отрасли. За 4 недели они получили 20+ квалифицированных лидов и 3 новых клиента.

Сделали это без спама — только персонализированный подход и умные цепочки писем.

Думаю, вашему бизнесу тоже может быть полезно. Давайте обсудим это на 15-минутном созвоне?",Будем на связи / Полезный материал для вас,"Привет, Аркадий!

Заметил, что вы не ответили на мои предыдущие письма. Возможно, сейчас вы заняты или не ищете подрядчиков для аутрича.

На всякий случай отправляю наш гайд ""5 ошибок в холодных рассылках, которые убивают конверсию"". Думаю, вам будет полезно.

Если когда-нибудь решите попробовать автоматизированный подход к лидогенерации — мы всегда открыты к диалогу.

Желаю успехов в развитии бизнеса!

P.S. Если не хотите получать больше писем, просто напишите ""стоп"" — и я вас сразу удалю из списка."
"АО ""Лаборатория Касперского""",Запустила платформу Kaspersky Expert Security для корпоративных клиентов,Запустила платформу Kaspersky Expert Security,"Привет, Даниил!

Запустила платформу Kaspersky Expert Security для корпоративных клиентов — это отличный ход. Кстати, мы в Polza Agency как раз помогаем B2B-компаниям привлекать клиентов через холодные рассылки.

Бесплатно сделаем аудит вашей текущей стратегии и покажем, как можно увеличить поток лидов.

Есть ли у вас время на короткий звонок в ближайшие дни?","Идея для IT/Софт / Результат, который мы получили","Привет, Даниил!

Я писал вам на днях насчет автоматизации аутрича. Возможно, сейчас не самое подходящее время, но хочу поделиться кейсом.

Недавно мы запустили рассылку для компании из вашей отрасли. За 4 недели они получили 20+ квалифицированных лидов и 3 новых клиента.

Сделали это без спама — только персонализированный подход и умные цепочки писем.

Думаю, вашему бизнесу тоже может быть полезно. Давайте обсудим это на 15-минутном созвоне?",Будем на связи / Полезный материал для вас,"Привет, Даниил!

Заметил, что вы не ответили на мои предыдущие письма. Возможно, сейчас вы заняты или не ищете подрядчиков для аутрича.

На всякий случай отправляю наш гайд ""5 ошибок в холодных рассылках, которые убивают конверсию"". Думаю, вам будет полезно.

Если когда-нибудь решите попробовать автоматизированный подход к лидогенерации — мы всегда открыты к диалогу.

Желаю успехов в развитии бизнеса!

P.S. Если не хотите получать больше писем, просто напишите ""стоп"" — и я вас сразу удалю из списка."
"ЗАО ""1С""",Развивает экосистему франчайзи и ERP-решения для бизнеса,Развивает экосистему франчайзи и ERP-решения ,"Привет, Борис!

Развивает экосистему франчайзи и ERP-решения для бизнеса — это отличный ход. Кстати, мы в Polza Agency как раз помогаем B2B-компаниям привлекать клиентов через холодные рассылки.

Бесплатно сделаем аудит вашей текущей стратегии и покажем, как можно увеличить поток лидов.

Есть ли у вас время на короткий звонок в ближайшие дни?","Идея для IT/Софт / Результат, который мы получили","Привет, Борис!

Я писал вам на днях насчет автоматизации аутрича. Возможно, сейчас не самое подходящее время, но хочу поделиться кейсом.

Недавно мы запустили рассылку для компании из вашей отрасли. За 4 недели они получили 20+ квалифицированных лидов и 3 новых клиента.

Сделали это без спама — только персонализированный подход и умные цепочки писем.

Думаю, вашему бизнесу тоже может быть полезно. Давайте обсудим это на 15-минутном созвоне?",Будем на связи / Полезный материал для вас,"Привет, Борис!

Заметил, что вы не ответили на мои предыдущие письма. Возможно, сейчас вы заняты или не ищете подрядчиков для аутрича.

На всякий случай отправляю наш гайд ""5 ошибок в холодных рассылках, которые убивают конверсию"". Думаю, вам будет полезно.

Если когда-нибудь решите попробовать автоматизированный подход к лидогенерации — мы всегда открыты к диалогу.

Желаю успехов в развитии бизнеса!

P.S. Если не хотите получать больше писем, просто напишите ""стоп"" — и я вас сразу удалю из списка."
"ООО ""СКБ Контур""",Развивает экосистему электронного документооборота для бизнеса,Развивает экосистему электронного документооб,"Привет, Михаил!

Развивает экосистему электронного документооборота для бизнеса — это отличный ход. Кстати, мы в Polza Agency как раз помогаем B2B-компаниям привлекать клиентов через холодные рассылки.

Бесплатно сделаем аудит вашей текущей стратегии и покажем, как можно увеличить поток лидов.

Есть ли у вас время на короткий звонок в ближайшие дни?","Идея для IT/Софт / Результат, который мы получили","Привет, Михаил!

Я писал вам на днях насчет автоматизации аутрича. Возможно, сейчас не самое подходящее время, но хочу поделиться кейсом.

Недавно мы запустили рассылку для компании из вашей отрасли. За 4 недели они получили 20+ квалифицированных лидов и 3 новых клиента.

Сделали это без спама — только персонализированный подход и умные цепочки писем.

Думаю, вашему бизнесу тоже может быть полезно. Давайте обсудим это на 15-минутном созвоне?",Будем на связи / Полезный материал для вас,"Привет, Михаил!

Заметил, что вы не ответили на мои предыдущие письма. Возможно, сейчас вы заняты или не ищете подрядчиков для аутрича.

На всякий случай отправляю наш гайд ""5 ошибок в холодных рассылках, которые убивают конверсию"". Думаю, вам будет полезно.

Если когда-нибудь решите попробовать автоматизированный подход к лидогенерации — мы всегда открыты к диалогу.

Желаю успехов в развитии бизнеса!

P.S. Если не хотите получать больше писем, просто напишите ""стоп"" — и я вас сразу удалю из списка."
"ООО ""Битрикс""",Запустила корпоративный мессенджер и CRM для SMB-сегмента,Запустила корпоративный мессенджер и CRM для ,"Привет, Сергей!

Запустила корпоративный мессенджер и CRM для SMB-сегмента — это отличный ход. Кстати, мы в Polza Agency как раз помогаем B2B-компаниям привлекать клиентов через холодные рассылки.

Бесплатно сделаем аудит вашей текущей стратегии и покажем, как можно увеличить поток лидов.

Есть ли у вас время на короткий звонок в ближайшие дни?","Идея для IT/Софт / Результат, который мы получили","Привет, Сергей!

Я писал вам на днях насчет автоматизации аутрича. Возможно, сейчас не самое подходящее время, но хочу поделиться кейсом.

Недавно мы запустили рассылку для компании из вашей отрасли. За 4 недели они получили 20+ квалифицированных лидов и 3 новых клиента.

Сделали это без спама — только персонализированный подход и умные цепочки писем.

Думаю, вашему бизнесу тоже может быть полезно. Давайте обсудим это на 15-минутном созвоне?",Будем на связи / Полезный материал для вас,"Привет, Сергей!

Заметил, что вы не ответили на мои предыдущие письма. Возможно, сейчас вы заняты или не ищете подрядчиков для аутрича.

На всякий случай отправляю наш гайд ""5 ошибок в холодных рассылках, которые убивают конверсию"". Думаю, вам будет полезно.

Если когда-нибудь решите попробовать автоматизированный подход к лидогенерации — мы всегда открыты к диалогу.

Желаю успехов в развитии бизнеса!

P.S. Если не хотите получать больше писем, просто напишите ""стоп"" — и я вас сразу удалю из списка."
"ООО ""МойСклад""",Облачный сервис для автоматизации складского учета и розничной торговли,{personalization_short},"Привет, {name}!

{personalization} — это отличный ход. Кстати, мы в Polza Agency как раз помогаем B2B-компаниям привлекать клиентов через холодные рассылки.

Бесплатно сделаем аудит вашей текущей стратегии и покажем, как можно увеличить поток лидов.

Есть ли у вас время на короткий звонок в ближайшие дни?","Идея для {{industry}} / Результат, который мы получили","Привет, {name}!

Я писал вам на днях насчет автоматизации аутрича. Возможно, сейчас не самое подходящее время, но хочу поделиться кейсом.

Недавно мы запустили рассылку для компании из вашей отрасли. За 4 недели они получили 20+ квалифицированных лидов и 3 новых клиента.

Сделали это без спама — только персонализированный подход и умные цепочки писем.

Думаю, вашему бизнесу тоже может быть полезно. Давайте обсудим это на 15-минутном созвоне?",Будем на связи / Полезный материал для вас,"Привет, {name}!

Заметил, что вы не ответили на мои предыдущие письма. Возможно, сейчас вы заняты или не ищете подрядчиков для аутрича.

На всякий случай отправляю наш гайд ""5 ошибок в холодных рассылках, которые убивают конверсию"". Думаю, вам будет полезно.

Если когда-нибудь решите попробовать автоматизированный подход к лидогенерации — мы всегда открыты к диалогу.

Желаю успехов в развитии бизнеса!

P.S. Если не хотите получать больше писем, просто напишите ""стоп"" — и я вас сразу удалю из списка."
"ООО ""Аби Девелопмент"" (ABBYY)",Разрабатывает решения для интеллектуальной обработки документов (IDP),{personalization_short},"Привет, {name}!

{personalization} — это отличный ход. Кстати, мы в Polza Agency как раз помогаем B2B-компаниям привлекать клиентов через холодные рассылки.

Бесплатно сделаем аудит вашей текущей стратегии и покажем, как можно увеличить поток лидов.

Есть ли у вас время на короткий звонок в ближайшие дни?","Идея для {{industry}} / Результат, который мы получили","Привет, {name}!

Я писал вам на днях насчет автоматизации аутрича. Возможно, сейчас не самое подходящее время, но хочу поделиться кейсом.

Недавно мы запустили рассылку для компании из вашей отрасли. За 4 недели они получили 20+ квалифицированных лидов и 3 новых клиента.

Сделали это без спама — только персонализированный подход и умные цепочки писем.

Думаю, вашему бизнесу тоже может быть полезно. Давайте обсудим это на 15-минутном созвоне?",Будем на связи / Полезный материал для вас,"Привет, {name}!

Заметил, что вы не ответили на мои предыдущие письма. Возможно, сейчас вы заняты или не ищете подрядчиков для аутрича.

На всякий случай отправляю наш гайд ""5 ошибок в холодных рассылках, которые убивают конверсию"". Думаю, вам будет полезно.

Если когда-нибудь решите попробовать автоматизированный подход к лидогенерации — мы всегда открыты к диалогу.

Желаю успехов в развитии бизнеса!

P.S. Если не хотите получать больше писем, просто напишите ""стоп"" — и я вас сразу удалю из списка."
"ООО ""Манго Офис""",Облачная телефонная система и коммуникации для бизнеса,{personalization_short},"Привет, {name}!

{personalization} — это отличный ход. Кстати, мы в Polza Agency как раз помогаем B2B-компаниям привлекать клиентов через холодные рассылки.

Бесплатно сделаем аудит вашей текущей стратегии и покажем, как можно увеличить поток лидов.

Есть ли у вас время на короткий звонок в ближайшие дни?","Идея для {{industry}} / Результат, который мы получили","Привет, {name}!

Я писал вам на днях насчет автоматизации аутрича. Возможно, сейчас не самое подходящее время, но хочу поделиться кейсом.

Недавно мы запустили рассылку для компании из вашей отрасли. За 4 недели они получили 20+ квалифицированных лидов и 3 новых клиента.

Сделали это без спама — только персонализированный подход и умные цепочки писем.

Думаю, вашему бизнесу тоже может быть полезно. Давайте обсудим это на 15-минутном созвоне?",Будем на связи / Полезный материал для вас,"Привет, {name}!

Заметил, что вы не ответили на мои предыдущие письма. Возможно, сейчас вы заняты или не ищете подрядчиков для аутрича.

На всякий случай отправляю наш гайд ""5 ошибок в холодных рассылках, которые убивают конверсию"". Думаю, вам будет полезно.

Если когда-нибудь решите попробовать автоматизированный подход к лидогенерации — мы всегда открыты к диалогу.

Желаю успехов в развитии бизнеса!

P.S. Если не хотите получать больше писем, просто напишите ""стоп"" — и я вас сразу удалю из списка."
"ООО ""InSales""",Платформа для создания интернет-магазинов и B2B-торговли,{personalization_short},"Привет, {name}!

{personalization} — это отличный ход. Кстати, мы в Polza Agency как раз помогаем B2B-компаниям привлекать клиентов через холодные рассылки.

Бесплатно сделаем аудит вашей текущей стратегии и покажем, как можно увеличить поток лидов.

Есть ли у вас время на короткий звонок в ближайшие дни?","Идея для {{industry}} / Результат, который мы получили","Привет, {name}!

Я писал вам на днях насчет автоматизации аутрича. Возможно, сейчас не самое подходящее время, но хочу поделиться кейсом.

Недавно мы запустили рассылку для компании из вашей отрасли. За 4 недели они получили 20+ квалифицированных лидов и 3 новых клиента.

Сделали это без спама — только персонализированный подход и умные цепочки писем.

Думаю, вашему бизнесу тоже может быть полезно. Давайте обсудим это на 15-минутном созвоне?",Будем на связи / Полезный материал для вас,"Привет, {name}!

Заметил, что вы не ответили на мои предыдущие письма. Возможно, сейчас вы заняты или не ищете подрядчиков для аутрича.

На всякий случай отправляю наш гайд ""5 ошибок в холодных рассылках, которые убивают конверсию"". Думаю, вам будет полезно.

Если когда-нибудь решите попробовать автоматизированный подход к лидогенерации — мы всегда открыты к диалогу.

Желаю успехов в развитии бизнеса!

P.S. Если не хотите получать больше писем, просто напишите ""стоп"" — и я вас сразу удалю из списка."
"ООО ""Юниксендер""",Сервис email-рассылок и маркетинговой автоматизации для бизнеса,{personalization_short},"Привет, {name}!

{personalization} — это отличный ход. Кстати, мы в Polza Agency как раз помогаем B2B-компаниям привлекать клиентов через холодные рассылки.

Бесплатно сделаем аудит вашей текущей стратегии и покажем, как можно увеличить поток лидов.

Есть ли у вас время на короткий звонок в ближайшие дни?","Идея для {{industry}} / Результат, который мы получили","Привет, {name}!

Я писал вам на днях насчет автоматизации аутрича. Возможно, сейчас не самое подходящее время, но хочу поделиться кейсом.

Недавно мы запустили рассылку для компании из вашей отрасли. За 4 недели они получили 20+ квалифицированных лидов и 3 новых клиента.

Сделали это без спама — только персонализированный подход и умные цепочки писем.

Думаю, вашему бизнесу тоже может быть полезно. Давайте обсудим это на 15-минутном созвоне?",Будем на связи / Полезный материал для вас,"Привет, {name}!

Заметил, что вы не ответили на мои предыдущие письма. Возможно, сейчас вы заняты или не ищете подрядчиков для аутрича.

На всякий случай отправляю наш гайд ""5 ошибок в холодных рассылках, которые убивают конверсию"". Думаю, вам будет полезно.

Если когда-нибудь решите попробовать автоматизированный подход к лидогенерации — мы всегда открыты к диалогу.

Желаю успехов в развитии бизнеса!

P.S. Если не хотите получать больше писем, просто напишите ""стоп"" — и я вас сразу удалю из списка."
"АО ""Ретеншн""",Платформа для CRM-маркетинга и аналитики,{personalization_short},"Привет, {name}!

{personalization} — это отличный ход. Кстати, мы в Polza Agency как раз помогаем B2B-компаниям привлекать клиентов через холодные рассылки.

Бесплатно сделаем аудит вашей текущей стратегии и покажем, как можно увеличить поток лидов.

Есть ли у вас время на короткий звонок в ближайшие дни?","Идея для {{industry}} / Результат, который мы получили","Привет, {name}!

Я писал вам на днях насчет автоматизации аутрича. Возможно, сейчас не самое подходящее время, но хочу поделиться кейсом.

Недавно мы запустили рассылку для компании из вашей отрасли. За 4 недели они получили 20+ квалифицированных лидов и 3 новых клиента.

Сделали это без спама — только персонализированный подход и умные цепочки писем.

Думаю, вашему бизнесу тоже может быть полезно. Давайте обсудим это на 15-минутном созвоне?",Будем на связи / Полезный материал для вас,"Привет, {name}!

Заметил, что вы не ответили на мои предыдущие письма. Возможно, сейчас вы заняты или не ищете подрядчиков для аутрича.

На всякий случай отправляю наш гайд ""5 ошибок в холодных рассылках, которые убивают конверсию"". Думаю, вам будет полезно.

Если когда-нибудь решите попробовать автоматизированный подход к лидогенерации — мы всегда открыты к диалогу.

Желаю успехов в развитии бизнеса!

P.S. Если не хотите получать больше писем, просто напишите ""стоп"" — и я вас сразу удалю из списка."
"ООО ""МТС Диджитал""",Цифровые решения для бизнеса от экосистемы МТС,{personalization_short},"Привет, {name}!

{personalization} — это отличный ход. Кстати, мы в Polza Agency как раз помогаем B2B-компаниям привлекать клиентов через холодные рассылки.

Бесплатно сделаем аудит вашей текущей стратегии и покажем, как можно увеличить поток лидов.

Есть ли у вас время на короткий звонок в ближайшие дни?","Идея для {{industry}} / Результат, который мы получили","Привет, {name}!

Я писал вам на днях насчет автоматизации аутрича. Возможно, сейчас не самое подходящее время, но хочу поделиться кейсом.

Недавно мы запустили рассылку для компании из вашей отрасли. За 4 недели они получили 20+ квалифицированных лидов и 3 новых клиента.

Сделали это без спама — только персонализированный подход и умные цепочки писем.

Думаю, вашему бизнесу тоже может быть полезно. Давайте обсудим это на 15-минутном созвоне?",Будем на связи / Полезный материал для вас,"Привет, {name}!

Заметил, что вы не ответили на мои предыдущие письма. Возможно, сейчас вы заняты или не ищете подрядчиков для аутрича.

На всякий случай отправляю наш гайд ""5 ошибок в холодных рассылках, которые убивают конверсию"". Думаю, вам будет полезно.

Если когда-нибудь решите попробовать автоматизированный подход к лидогенерации — мы всегда открыты к диалогу.

Желаю успехов в развитии бизнеса!

P.S. Если не хотите получать больше писем, просто напишите ""стоп"" — и я вас сразу удалю из списка."
"ООО ""МакроИнтернешнл"" (iiko)",Системы автоматизации для ресторанного бизнеса и HoReCa,{personalization_short},"Привет, {name}!

{personalization} — это отличный ход. Кстати, мы в Polza Agency как раз помогаем B2B-компаниям привлекать клиентов через холодные рассылки.

Бесплатно сделаем аудит вашей текущей стратегии и покажем, как можно увеличить поток лидов.

Есть ли у вас время на короткий звонок в ближайшие дни?","Идея для {{industry}} / Результат, который мы получили","Привет, {name}!

Я писал вам на днях насчет автоматизации аутрича. Возможно, сейчас не самое подходящее время, но хочу поделиться кейсом.

Недавно мы запустили рассылку для компании из вашей отрасли. За 4 недели они получили 20+ квалифицированных лидов и 3 новых клиента.

Сделали это без спама — только персонализированный подход и умные цепочки писем.

Думаю, вашему бизнесу тоже может быть полезно. Давайте обсудим это на 15-минутном созвоне?",Будем на связи / Полезный материал для вас,"Привет, {name}!

Заметил, что вы не ответили на мои предыдущие письма. Возможно, сейчас вы заняты или не ищете подрядчиков для аутрича.

На всякий случай отправляю наш гайд ""5 ошибок в холодных рассылках, которые убивают конверсию"". Думаю, вам будет полезно.

Если когда-нибудь решите попробовать автоматизированный подход к лидогенерации — мы всегда открыты к диалогу.

Желаю успехов в развитии бизнеса!

P.S. Если не хотите получать больше писем, просто напишите ""стоп"" — и я вас сразу удалю из списка."
"ООО ""Деливери"" (Carrot quest)",Платформа для автоматизации маркетинга и коммуникаций,{personalization_short},"Привет, {name}!

{personalization} — это отличный ход. Кстати, мы в Polza Agency как раз помогаем B2B-компаниям привлекать клиентов через холодные рассылки.

Бесплатно сделаем аудит вашей текущей стратегии и покажем, как можно увеличить поток лидов.

Есть ли у вас время на короткий звонок в ближайшие дни?","Идея для {{industry}} / Результат, который мы получили","Привет, {name}!

Я писал вам на днях насчет автоматизации аутрича. Возможно, сейчас не самое подходящее время, но хочу поделиться кейсом.

Недавно мы запустили рассылку для компании из вашей отрасли. За 4 недели они получили 20+ квалифицированных лидов и 3 новых клиента.

Сделали это без спама — только персонализированный подход и умные цепочки писем.

Думаю, вашему бизнесу тоже может быть полезно. Давайте обсудим это на 15-минутном созвоне?",Будем на связи / Полезный материал для вас,"Привет, {name}!

Заметил, что вы не ответили на мои предыдущие письма. Возможно, сейчас вы заняты или не ищете подрядчиков для аутрича.

На всякий случай отправляю наш гайд ""5 ошибок в холодных рассылках, которые убивают конверсию"". Думаю, вам будет полезно.

Если когда-нибудь решите попробовать автоматизированный подход к лидогенерации — мы всегда открыты к диалогу.

Желаю успехов в развитии бизнеса!

P.S. Если не хотите получать больше писем, просто напишите ""стоп"" — и я вас сразу удалю из списка."
"ООО ""Селекти""",Сервис для управления подписками и авторизацией доступа для B2B,{personalization_short},"Привет, {name}!

{personalization} — это отличный ход. Кстати, мы в Polza Agency как раз помогаем B2B-компаниям привлекать клиентов через холодные рассылки.

Бесплатно сделаем аудит вашей текущей стратегии и покажем, как можно увеличить поток лидов.

Есть ли у вас время на короткий звонок в ближайшие дни?","Идея для {{industry}} / Результат, который мы получили","Привет, {name}!

Я писал вам на днях насчет автоматизации аутрича. Возможно, сейчас не самое подходящее время, но хочу поделиться кейсом.

Недавно мы запустили рассылку для компании из вашей отрасли. За 4 недели они получили 20+ квалифицированных лидов и 3 новых клиента.

Сделали это без спама — только персонализированный подход и умные цепочки писем.

Думаю, вашему бизнесу тоже может быть полезно. Давайте обсудим это на 15-минутном созвоне?",Будем на связи / Полезный материал для вас,"Привет, {name}!

Заметил, что вы не ответили на мои предыдущие письма. Возможно, сейчас вы заняты или не ищете подрядчиков для аутрича.

На всякий случай отправляю наш гайд ""5 ошибок в холодных рассылках, которые убивают конверсию"". Думаю, вам будет полезно.

Если когда-нибудь решите попробовать автоматизированный подход к лидогенерации — мы всегда открыты к диалогу.

Желаю успехов в развитии бизнеса!

P.S. Если не хотите получать больше писем, просто напишите ""стоп"" — и я вас сразу удалю из списка."
"АО ""Деловые Линии""",Запустила сервис перевозки сборных грузов для малого и среднего бизнеса,{personalization_short},"Привет, {name}!

{personalization} — это отличный ход. Кстати, мы в Polza Agency как раз помогаем B2B-компаниям привлекать клиентов через холодные рассылки.

Бесплатно сделаем аудит вашей текущей стратегии и покажем, как можно увеличить поток лидов.

Есть ли у вас время на короткий звонок в ближайшие дни?","Идея для {{industry}} / Результат, который мы получили","Привет, {name}!

Я писал вам на днях насчет автоматизации аутрича. Возможно, сейчас не самое подходящее время, но хочу поделиться кейсом.

Недавно мы запустили рассылку для компании из вашей отрасли. За 4 недели они получили 20+ квалифицированных лидов и 3 новых клиента.

Сделали это без спама — только персонализированный подход и умные цепочки писем.

Думаю, вашему бизнесу тоже может быть полезно. Давайте обсудим это на 15-минутном созвоне?",Будем на связи / Полезный материал для вас,"Привет, {name}!

Заметил, что вы не ответили на мои предыдущие письма. Возможно, сейчас вы заняты или не ищете подрядчиков для аутрича.

На всякий случай отправляю наш гайд ""5 ошибок в холодных рассылках, которые убивают конверсию"". Думаю, вам будет полезно.

Если когда-нибудь решите попробовать автоматизированный подход к лидогенерации — мы всегда открыты к диалогу.

Желаю успехов в развитии бизнеса!

P.S. Если не хотите получать больше писем, просто напишите ""стоп"" — и я вас сразу удалю из списка."
"ООО ""СДЭК""",Расширяет сеть ПВЗ до 50000+ точек по всей России,{personalization_short},"Привет, {name}!

{personalization} — это отличный ход. Кстати, мы в Polza Agency как раз помогаем B2B-компаниям привлекать клиентов через холодные рассылки.

Бесплатно сделаем аудит вашей текущей стратегии и покажем, как можно увеличить поток лидов.

Есть ли у вас время на короткий звонок в ближайшие дни?","Идея для {{industry}} / Результат, который мы получили","Привет, {name}!

Я писал вам на днях насчет автоматизации аутрича. Возможно, сейчас не самое подходящее время, но хочу поделиться кейсом.

Недавно мы запустили рассылку для компании из вашей отрасли. За 4 недели они получили 20+ квалифицированных лидов и 3 новых клиента.

Сделали это без спама — только персонализированный подход и умные цепочки писем.

Думаю, вашему бизнесу тоже может быть полезно. Давайте обсудим это на 15-минутном созвоне?",Будем на связи / Полезный материал для вас,"Привет, {name}!

Заметил, что вы не ответили на мои предыдущие письма. Возможно, сейчас вы заняты или не ищете подрядчиков для аутрича.

На всякий случай отправляю наш гайд ""5 ошибок в холодных рассылках, которые убивают конверсию"". Думаю, вам будет полезно.

Если когда-нибудь решите попробовать автоматизированный подход к лидогенерации — мы всегда открыты к диалогу.

Желаю успехов в развитии бизнеса!

P.S. Если не хотите получать больше писем, просто напишите ""стоп"" — и я вас сразу удалю из списка."
"ООО ""Боксберри""",Логистический сервис доставки заказов для интернет-магазинов,{personalization_short},"Привет, {name}!

{personalization} — это отличный ход. Кстати, мы в Polza Agency как раз помогаем B2B-компаниям привлекать клиентов через холодные рассылки.

Бесплатно сделаем аудит вашей текущей стратегии и покажем, как можно увеличить поток лидов.

Есть ли у вас время на короткий звонок в ближайшие дни?","Идея для {{industry}} / Результат, который мы получили","Привет, {name}!

Я писал вам на днях насчет автоматизации аутрича. Возможно, сейчас не самое подходящее время, но хочу поделиться кейсом.

Недавно мы запустили рассылку для компании из вашей отрасли. За 4 недели они получили 20+ квалифицированных лидов и 3 новых клиента.

Сделали это без спама — только персонализированный подход и умные цепочки писем.

Думаю, вашему бизнесу тоже может быть полезно. Давайте обсудим это на 15-минутном созвоне?",Будем на связи / Полезный материал для вас,"Привет, {name}!

Заметил, что вы не ответили на мои предыдущие письма. Возможно, сейчас вы заняты или не ищете подрядчиков для аутрича.

На всякий случай отправляю наш гайд ""5 ошибок в холодных рассылках, которые убивают конверсию"". Думаю, вам будет полезно.

Если когда-нибудь решите попробовать автоматизированный подход к лидогенерации — мы всегда открыты к диалогу.

Желаю успехов в развитии бизнеса!

P.S. Если не хотите получать больше писем, просто напишите ""стоп"" — и я вас сразу удалю из списка."
"ООО ""ГрузовичкоФ""",Сервис перевозок для корпоративных клиентов,{personalization_short},"Привет, {name}!

{personalization} — это отличный ход. Кстати, мы в Polza Agency как раз помогаем B2B-компаниям привлекать клиентов через холодные рассылки.

Бесплатно сделаем аудит вашей текущей стратегии и покажем, как можно увеличить поток лидов.

Есть ли у вас время на короткий звонок в ближайшие дни?","Идея для {{industry}} / Результат, который мы получили","Привет, {name}!

Я писал вам на днях насчет автоматизации аутрича. Возможно, сейчас не самое подходящее время, но хочу поделиться кейсом.

Недавно мы запустили рассылку для компании из вашей отрасли. За 4 недели они получили 20+ квалифицированных лидов и 3 новых клиента.

Сделали это без спама — только персонализированный подход и умные цепочки писем.

Думаю, вашему бизнесу тоже может быть полезно. Давайте обсудим это на 15-минутном созвоне?",Будем на связи / Полезный материал для вас,"Привет, {name}!

Заметил, что вы не ответили на мои предыдущие письма. Возможно, сейчас вы заняты или не ищете подрядчиков для аутрича.

На всякий случай отправляю наш гайд ""5 ошибок в холодных рассылках, которые убивают конверсию"". Думаю, вам будет полезно.

Если когда-нибудь решите попробовать автоматизированный подход к лидогенерации — мы всегда открыты к диалогу.

Желаю успехов в развитии бизнеса!

P.S. Если не хотите получать больше писем, просто напишите ""стоп"" — и я вас сразу удалю из списка."
"ООО ""5POST""",Логистическая платформа для постоматов и пунктов выдачи заказов,{personalization_short},"Привет, {name}!

{personalization} — это отличный ход. Кстати, мы в Polza Agency как раз помогаем B2B-компаниям привлекать клиентов через холодные рассылки.

Бесплатно сделаем аудит вашей текущей стратегии и покажем, как можно увеличить поток лидов.

Есть ли у вас время на короткий звонок в ближайшие дни?","Идея для {{industry}} / Результат, который мы получили","Привет, {name}!

Я писал вам на днях насчет автоматизации аутрича. Возможно, сейчас не самое подходящее время, но хочу поделиться кейсом.

Недавно мы запустили рассылку для компании из вашей отрасли. За 4 недели они получили 20+ квалифицированных лидов и 3 новых клиента.

Сделали это без спама — только персонализированный подход и умные цепочки писем.

Думаю, вашему бизнесу тоже может быть полезно. Давайте обсудим это на 15-минутном созвоне?",Будем на связи / Полезный материал для вас,"Привет, {name}!

Заметил, что вы не ответили на мои предыдущие письма. Возможно, сейчас вы заняты или не ищете подрядчиков для аутрича.

На всякий случай отправляю наш гайд ""5 ошибок в холодных рассылках, которые убивают конверсию"". Думаю, вам будет полезно.

Если когда-нибудь решите попробовать автоматизированный подход к лидогенерации — мы всегда открыты к диалогу.

Желаю успехов в развитии бизнеса!

P.S. Если не хотите получать больше писем, просто напишите ""стоп"" — и я вас сразу удалю из списка."
"ООО ""Достависта""",Курьерская служба доставки для бизнеса в день заказа,{personalization_short},"Привет, {name}!

{personalization} — это отличный ход. Кстати, мы в Polza Agency как раз помогаем B2B-компаниям привлекать клиентов через холодные рассылки.

Бесплатно сделаем аудит вашей текущей стратегии и покажем, как можно увеличить поток лидов.

Есть ли у вас время на короткий звонок в ближайшие дни?","Идея для {{industry}} / Результат, который мы получили","Привет, {name}!

Я писал вам на днях насчет автоматизации аутрича. Возможно, сейчас не самое подходящее время, но хочу поделиться кейсом.

Недавно мы запустили рассылку для компании из вашей отрасли. За 4 недели они получили 20+ квалифицированных лидов и 3 новых клиента.

Сделали это без спама — только персонализированный подход и умные цепочки писем.

Думаю, вашему бизнесу тоже может быть полезно. Давайте обсудим это на 15-минутном созвоне?",Будем на связи / Полезный материал для вас,"Привет, {name}!

Заметил, что вы не ответили на мои предыдущие письма. Возможно, сейчас вы заняты или не ищете подрядчиков для аутрича.

На всякий случай отправляю наш гайд ""5 ошибок в холодных рассылках, которые убивают конверсию"". Думаю, вам будет полезно.

Если когда-нибудь решите попробовать автоматизированный подход к лидогенерации — мы всегда открыты к диалогу.

Желаю успехов в развитии бизнеса!

P.S. Если не хотите получать больше писем, просто напишите ""стоп"" — и я вас сразу удалю из списка."
"ООО ""Транспортная компания Байкал-Сервис""",Грузоперевозки и складская логистика для B2B-клиентов,{personalization_short},"Привет, {name}!

{personalization} — это отличный ход. Кстати, мы в Polza Agency как раз помогаем B2B-компаниям привлекать клиентов через холодные рассылки.

Бесплатно сделаем аудит вашей текущей стратегии и покажем, как можно увеличить поток лидов.

Есть ли у вас время на короткий звонок в ближайшие дни?","Идея для {{industry}} / Результат, который мы получили","Привет, {name}!

Я писал вам на днях насчет автоматизации аутрича. Возможно, сейчас не самое подходящее время, но хочу поделиться кейсом.

Недавно мы запустили рассылку для компании из вашей отрасли. За 4 недели они получили 20+ квалифицированных лидов и 3 новых клиента.

Сделали это без спама — только персонализированный подход и умные цепочки писем.

Думаю, вашему бизнесу тоже может быть полезно. Давайте обсудим это на 15-минутном созвоне?",Будем на связи / Полезный материал для вас,"Привет, {name}!

Заметил, что вы не ответили на мои предыдущие письма. Возможно, сейчас вы заняты или не ищете подрядчиков для аутрича.

На всякий случай отправляю наш гайд ""5 ошибок в холодных рассылках, которые убивают конверсию"". Думаю, вам будет полезно.

Если когда-нибудь решите попробовать автоматизированный подход к лидогенерации — мы всегда открыты к диалогу.

Желаю успехов в развитии бизнеса!

P.S. Если не хотите получать больше писем, просто напишите ""стоп"" — и я вас сразу удалю из списка."
"ООО ""ПЭК""",Транспортно-логистические услуги для корпоративных клиентов,{personalization_short},"Привет, {name}!

{personalization} — это отличный ход. Кстати, мы в Polza Agency как раз помогаем B2B-компаниям привлекать клиентов через холодные рассылки.

Бесплатно сделаем аудит вашей текущей стратегии и покажем, как можно увеличить поток лидов.

Есть ли у вас время на короткий звонок в ближайшие дни?","Идея для {{industry}} / Результат, который мы получили","Привет, {name}!

Я писал вам на днях насчет автоматизации аутрича. Возможно, сейчас не самое подходящее время, но хочу поделиться кейсом.

Недавно мы запустили рассылку для компании из вашей отрасли. За 4 недели они получили 20+ квалифицированных лидов и 3 новых клиента.

Сделали это без спама — только персонализированный подход и умные цепочки писем.

Думаю, вашему бизнесу тоже может быть полезно. Давайте обсудим это на 15-минутном созвоне?",Будем на связи / Полезный материал для вас,"Привет, {name}!

Заметил, что вы не ответили на мои предыдущие письма. Возможно, сейчас вы заняты или не ищете подрядчиков для аутрича.

На всякий случай отправляю наш гайд ""5 ошибок в холодных рассылках, которые убивают конверсию"". Думаю, вам будет полезно.

Если когда-нибудь решите попробовать автоматизированный подход к лидогенерации — мы всегда открыты к диалогу.

Желаю успехов в развитии бизнеса!

P.S. Если не хотите получать больше писем, просто напишите ""стоп"" — и я вас сразу удалю из списка."
"ПАО ""ГАЗ""",Крупнейший производитель коммерческого транспорта в РФ,{personalization_short},"Привет, {name}!

{personalization} — это отличный ход. Кстати, мы в Polza Agency как раз помогаем B2B-компаниям привлекать клиентов через холодные рассылки.

Бесплатно сделаем аудит вашей текущей стратегии и покажем, как можно увеличить поток лидов.

Есть ли у вас время на короткий звонок в ближайшие дни?","Идея для {{industry}} / Результат, который мы получили","Привет, {name}!

Я писал вам на днях насчет автоматизации аутрича. Возможно, сейчас не самое подходящее время, но хочу поделиться кейсом.

Недавно мы запустили рассылку для компании из вашей отрасли. За 4 недели они получили 20+ квалифицированных лидов и 3 новых клиента.

Сделали это без спама — только персонализированный подход и умные цепочки писем.

Думаю, вашему бизнесу тоже может быть полезно. Давайте обсудим это на 15-минутном созвоне?",Будем на связи / Полезный материал для вас,"Привет, {name}!

Заметил, что вы не ответили на мои предыдущие письма. Возможно, сейчас вы заняты или не ищете подрядчиков для аутрича.

На всякий случай отправляю наш гайд ""5 ошибок в холодных рассылках, которые убивают конверсию"". Думаю, вам будет полезно.

Если когда-нибудь решите попробовать автоматизированный подход к лидогенерации — мы всегда открыты к диалогу.

Желаю успехов в развитии бизнеса!

P.S. Если не хотите получать больше писем, просто напишите ""стоп"" — и я вас сразу удалю из списка."
"ПАО ""СИБУР Холдинг""",Крупнейший нефтехимический холдинг для промышленных предприятий,{personalization_short},"Привет, {name}!

{personalization} — это отличный ход. Кстати, мы в Polza Agency как раз помогаем B2B-компаниям привлекать клиентов через холодные рассылки.

Бесплатно сделаем аудит вашей текущей стратегии и покажем, как можно увеличить поток лидов.

Есть ли у вас время на короткий звонок в ближайшие дни?","Идея для {{industry}} / Результат, который мы получили","Привет, {name}!

Я писал вам на днях насчет автоматизации аутрича. Возможно, сейчас не самое подходящее время, но хочу поделиться кейсом.

Недавно мы запустили рассылку для компании из вашей отрасли. За 4 недели они получили 20+ квалифицированных лидов и 3 новых клиента.

Сделали это без спама — только персонализированный подход и умные цепочки писем.

Думаю, вашему бизнесу тоже может быть полезно. Давайте обсудим это на 15-минутном созвоне?",Будем на связи / Полезный материал для вас,"Привет, {name}!

Заметил, что вы не ответили на мои предыдущие письма. Возможно, сейчас вы заняты или не ищете подрядчиков для аутрича.

На всякий случай отправляю наш гайд ""5 ошибок в холодных рассылках, которые убивают конверсию"". Думаю, вам будет полезно.

Если когда-нибудь решите попробовать автоматизированный подход к лидогенерации — мы всегда открыты к диалогу.

Желаю успехов в развитии бизнеса!

P.S. Если не хотите получать больше писем, просто напишите ""стоп"" — и я вас сразу удалю из списка."
"ПАО ""НЛМК""",Ведущий производитель стальной продукции для промышленности,{personalization_short},"Привет, {name}!

{personalization} — это отличный ход. Кстати, мы в Polza Agency как раз помогаем B2B-компаниям привлекать клиентов через холодные рассылки.

Бесплатно сделаем аудит вашей текущей стратегии и покажем, как можно увеличить поток лидов.

Есть ли у вас время на короткий звонок в ближайшие дни?","Идея для {{industry}} / Результат, который мы получили","Привет, {name}!

Я писал вам на днях насчет автоматизации аутрича. Возможно, сейчас не самое подходящее время, но хочу поделиться кейсом.

Недавно мы запустили рассылку для компании из вашей отрасли. За 4 недели они получили 20+ квалифицированных лидов и 3 новых клиента.

Сделали это без спама — только персонализированный подход и умные цепочки писем.

Думаю, вашему бизнесу тоже может быть полезно. Давайте обсудим это на 15-минутном созвоне?",Будем на связи / Полезный материал для вас,"Привет, {name}!

Заметил, что вы не ответили на мои предыдущие письма. Возможно, сейчас вы заняты или не ищете подрядчиков для аутрича.

На всякий случай отправляю наш гайд ""5 ошибок в холодных рассылках, которые убивают конверсию"". Думаю, вам будет полезно.

Если когда-нибудь решите попробовать автоматизированный подход к лидогенерации — мы всегда открыты к диалогу.

Желаю успехов в развитии бизнеса!

P.S. Если не хотите получать больше писем, просто напишите ""стоп"" — и я вас сразу удалю из списка."
"АО ""ТМК""",Производитель труб для нефтегазовой промышленности,{personalization_short},"Привет, {name}!

{personalization} — это отличный ход. Кстати, мы в Polza Agency как раз помогаем B2B-компаниям привлекать клиентов через холодные рассылки.

Бесплатно сделаем аудит вашей текущей стратегии и покажем, как можно увеличить поток лидов.

Есть ли у вас время на короткий звонок в ближайшие дни?","Идея для {{industry}} / Результат, который мы получили","Привет, {name}!

Я писал вам на днях насчет автоматизации аутрича. Возможно, сейчас не самое подходящее время, но хочу поделиться кейсом.

Недавно мы запустили рассылку для компании из вашей отрасли. За 4 недели они получили 20+ квалифицированных лидов и 3 новых клиента.

Сделали это без спама — только персонализированный подход и умные цепочки писем.

Думаю, вашему бизнесу тоже может быть полезно. Давайте обсудим это на 15-минутном созвоне?",Будем на связи / Полезный материал для вас,"Привет, {name}!

Заметил, что вы не ответили на мои предыдущие письма. Возможно, сейчас вы заняты или не ищете подрядчиков для аутрича.

На всякий случай отправляю наш гайд ""5 ошибок в холодных рассылках, которые убивают конверсию"". Думаю, вам будет полезно.

Если когда-нибудь решите попробовать автоматизированный подход к лидогенерации — мы всегда открыты к диалогу.

Желаю успехов в развитии бизнеса!

P.S. Если не хотите получать больше писем, просто напишите ""стоп"" — и я вас сразу удалю из списка."
"ПАО ""ФосАгро""",Производитель минеральных удобрений для агропромышленности,{personalization_short},"Привет, {name}!

{personalization} — это отличный ход. Кстати, мы в Polza Agency как раз помогаем B2B-компаниям привлекать клиентов через холодные рассылки.

Бесплатно сделаем аудит вашей текущей стратегии и покажем, как можно увеличить поток лидов.

Есть ли у вас время на короткий звонок в ближайшие дни?","Идея для {{industry}} / Результат, который мы получили","Привет, {name}!

Я писал вам на днях насчет автоматизации аутрича. Возможно, сейчас не самое подходящее время, но хочу поделиться кейсом.

Недавно мы запустили рассылку для компании из вашей отрасли. За 4 недели они получили 20+ квалифицированных лидов и 3 новых клиента.

Сделали это без спама — только персонализированный подход и умные цепочки писем.

Думаю, вашему бизнесу тоже может быть полезно. Давайте обсудим это на 15-минутном созвоне?",Будем на связи / Полезный материал для вас,"Привет, {name}!

Заметил, что вы не ответили на мои предыдущие письма. Возможно, сейчас вы заняты или не ищете подрядчиков для аутрича.

На всякий случай отправляю наш гайд ""5 ошибок в холодных рассылках, которые убивают конверсию"". Думаю, вам будет полезно.

Если когда-нибудь решите попробовать автоматизированный подход к лидогенерации — мы всегда открыты к диалогу.

Желаю успехов в развитии бизнеса!

P.S. Если не хотите получать больше писем, просто напишите ""стоп"" — и я вас сразу удалю из списка."
"ПАО ""КамАЗ""",Крупнейший производитель грузовых автомобилей для B2B,{personalization_short},"Привет, {name}!

{personalization} — это отличный ход. Кстати, мы в Polza Agency как раз помогаем B2B-компаниям привлекать клиентов через холодные рассылки.

Бесплатно сделаем аудит вашей текущей стратегии и покажем, как можно увеличить поток лидов.

Есть ли у вас время на короткий звонок в ближайшие дни?","Идея для {{industry}} / Результат, который мы получили","Привет, {name}!

Я писал вам на днях насчет автоматизации аутрича. Возможно, сейчас не самое подходящее время, но хочу поделиться кейсом.

Недавно мы запустили рассылку для компании из вашей отрасли. За 4 недели они получили 20+ квалифицированных лидов и 3 новых клиента.

Сделали это без спама — только персонализированный подход и умные цепочки писем.

Думаю, вашему бизнесу тоже может быть полезно. Давайте обсудим это на 15-минутном созвоне?",Будем на связи / Полезный материал для вас,"Привет, {name}!

Заметил, что вы не ответили на мои предыдущие письма. Возможно, сейчас вы заняты или не ищете подрядчиков для аутрича.

На всякий случай отправляю наш гайд ""5 ошибок в холодных рассылках, которые убивают конверсию"". Думаю, вам будет полезно.

Если когда-нибудь решите попробовать автоматизированный подход к лидогенерации — мы всегда открыты к диалогу.

Желаю успехов в развитии бизнеса!

P.S. Если не хотите получать больше писем, просто напишите ""стоп"" — и я вас сразу удалю из списка."
"ООО ""Уральские локомотивы""",Производство железнодорожной техники для РЖД и промышленности,{personalization_short},"Привет, {name}!

{personalization} — это отличный ход. Кстати, мы в Polza Agency как раз помогаем B2B-компаниям привлекать клиентов через холодные рассылки.

Бесплатно сделаем аудит вашей текущей стратегии и покажем, как можно увеличить поток лидов.

Есть ли у вас время на короткий звонок в ближайшие дни?","Идея для {{industry}} / Результат, который мы получили","Привет, {name}!

Я писал вам на днях насчет автоматизации аутрича. Возможно, сейчас не самое подходящее время, но хочу поделиться кейсом.

Недавно мы запустили рассылку для компании из вашей отрасли. За 4 недели они получили 20+ квалифицированных лидов и 3 новых клиента.

Сделали это без спама — только персонализированный подход и умные цепочки писем.

Думаю, вашему бизнесу тоже может быть полезно. Давайте обсудим это на 15-минутном созвоне?",Будем на связи / Полезный материал для вас,"Привет, {name}!

Заметил, что вы не ответили на мои предыдущие письма. Возможно, сейчас вы заняты или не ищете подрядчиков для аутрича.

На всякий случай отправляю наш гайд ""5 ошибок в холодных рассылках, которые убивают конверсию"". Думаю, вам будет полезно.

Если когда-нибудь решите попробовать автоматизированный подход к лидогенерации — мы всегда открыты к диалогу.

Желаю успехов в развитии бизнеса!

P.S. Если не хотите получать больше писем, просто напишите ""стоп"" — и я вас сразу удалю из списка."
"ООО ""Кей-Пи-Эм-Джи"" (KPMG Россия)",Аудит и консалтинг для крупного бизнеса и госсектора,{personalization_short},"Привет, {name}!

{personalization} — это отличный ход. Кстати, мы в Polza Agency как раз помогаем B2B-компаниям привлекать клиентов через холодные рассылки.

Бесплатно сделаем аудит вашей текущей стратегии и покажем, как можно увеличить поток лидов.

Есть ли у вас время на короткий звонок в ближайшие дни?","Идея для {{industry}} / Результат, который мы получили","Привет, {name}!

Я писал вам на днях насчет автоматизации аутрича. Возможно, сейчас не самое подходящее время, но хочу поделиться кейсом.

Недавно мы запустили рассылку для компании из вашей отрасли. За 4 недели они получили 20+ квалифицированных лидов и 3 новых клиента.

Сделали это без спама — только персонализированный подход и умные цепочки писем.

Думаю, вашему бизнесу тоже может быть полезно. Давайте обсудим это на 15-минутном созвоне?",Будем на связи / Полезный материал для вас,"Привет, {name}!

Заметил, что вы не ответили на мои предыдущие письма. Возможно, сейчас вы заняты или не ищете подрядчиков для аутрича.

На всякий случай отправляю наш гайд ""5 ошибок в холодных рассылках, которые убивают конверсию"". Думаю, вам будет полезно.

Если когда-нибудь решите попробовать автоматизированный подход к лидогенерации — мы всегда открыты к диалогу.

Желаю успехов в развитии бизнеса!

P.S. Если не хотите получать больше писем, просто напишите ""стоп"" — и я вас сразу удалю из списка."
"ООО ""Эрнст энд Янг"" (EY Россия)",Консалтинг и аудит для B2B-компаний и корпоративных клиентов,{personalization_short},"Привет, {name}!

{personalization} — это отличный ход. Кстати, мы в Polza Agency как раз помогаем B2B-компаниям привлекать клиентов через холодные рассылки.

Бесплатно сделаем аудит вашей текущей стратегии и покажем, как можно увеличить поток лидов.

Есть ли у вас время на короткий звонок в ближайшие дни?","Идея для {{industry}} / Результат, который мы получили","Привет, {name}!

Я писал вам на днях насчет автоматизации аутрича. Возможно, сейчас не самое подходящее время, но хочу поделиться кейсом.

Недавно мы запустили рассылку для компании из вашей отрасли. За 4 недели они получили 20+ квалифицированных лидов и 3 новых клиента.

Сделали это без спама — только персонализированный подход и умные цепочки писем.

Думаю, вашему бизнесу тоже может быть полезно. Давайте обсудим это на 15-минутном созвоне?",Будем на связи / Полезный материал для вас,"Привет, {name}!

Заметил, что вы не ответили на мои предыдущие письма. Возможно, сейчас вы заняты или не ищете подрядчиков для аутрича.

На всякий случай отправляю наш гайд ""5 ошибок в холодных рассылках, которые убивают конверсию"". Думаю, вам будет полезно.

Если когда-нибудь решите попробовать автоматизированный подход к лидогенерации — мы всегда открыты к диалогу.

Желаю успехов в развитии бизнеса!

P.S. Если не хотите получать больше писем, просто напишите ""стоп"" — и я вас сразу удалю из списка."
"ООО ""Финансовые и Бухгалтерские Консультанты"" (ФБК)",Аудиторско-консалтинговая группа для бизнеса,{personalization_short},"Привет, {name}!

{personalization} — это отличный ход. Кстати, мы в Polza Agency как раз помогаем B2B-компаниям привлекать клиентов через холодные рассылки.

Бесплатно сделаем аудит вашей текущей стратегии и покажем, как можно увеличить поток лидов.

Есть ли у вас время на короткий звонок в ближайшие дни?","Идея для {{industry}} / Результат, который мы получили","Привет, {name}!

Я писал вам на днях насчет автоматизации аутрича. Возможно, сейчас не самое подходящее время, но хочу поделиться кейсом.

Недавно мы запустили рассылку для компании из вашей отрасли. За 4 недели они получили 20+ квалифицированных лидов и 3 новых клиента.

Сделали это без спама — только персонализированный подход и умные цепочки писем.

Думаю, вашему бизнесу тоже может быть полезно. Давайте обсудим это на 15-минутном созвоне?",Будем на связи / Полезный материал для вас,"Привет, {name}!

Заметил, что вы не ответили на мои предыдущие письма. Возможно, сейчас вы заняты или не ищете подрядчиков для аутрича.

На всякий случай отправляю наш гайд ""5 ошибок в холодных рассылках, которые убивают конверсию"". Думаю, вам будет полезно.

Если когда-нибудь решите попробовать автоматизированный подход к лидогенерации — мы всегда открыты к диалогу.

Желаю успехов в развитии бизнеса!

P.S. Если не хотите получать больше писем, просто напишите ""стоп"" — и я вас сразу удалю из списка."
"АО ""БКС Мир Инвестиций""",Инвестиционный банк и брокерское обслуживание для корпоративных клиентов,{personalization_short},"Привет, {name}!

{personalization} — это отличный ход. Кстати, мы в Polza Agency как раз помогаем B2B-компаниям привлекать клиентов через холодные рассылки.

Бесплатно сделаем аудит вашей текущей стратегии и покажем, как можно увеличить поток лидов.

Есть ли у вас время на короткий звонок в ближайшие дни?","Идея для {{industry}} / Результат, который мы получили","Привет, {name}!

Я писал вам на днях насчет автоматизации аутрича. Возможно, сейчас не самое подходящее время, но хочу поделиться кейсом.

Недавно мы запустили рассылку для компании из вашей отрасли. За 4 недели они получили 20+ квалифицированных лидов и 3 новых клиента.

Сделали это без спама — только персонализированный подход и умные цепочки писем.

Думаю, вашему бизнесу тоже может быть полезно. Давайте обсудим это на 15-минутном созвоне?",Будем на связи / Полезный материал для вас,"Привет, {name}!

Заметил, что вы не ответили на мои предыдущие письма. Возможно, сейчас вы заняты или не ищете подрядчиков для аутрича.

На всякий случай отправляю наш гайд ""5 ошибок в холодных рассылках, которые убивают конверсию"". Думаю, вам будет полезно.

Если когда-нибудь решите попробовать автоматизированный подход к лидогенерации — мы всегда открыты к диалогу.

Желаю успехов в развитии бизнеса!

P.S. Если не хотите получать больше писем, просто напишите ""стоп"" — и я вас сразу удалю из списка."
"АО ""Сбербанк"" (Корпоративный блок)",Крупнейший банк с корпоративным блоком для бизнеса всех размеров,{personalization_short},"Привет, {name}!

{personalization} — это отличный ход. Кстати, мы в Polza Agency как раз помогаем B2B-компаниям привлекать клиентов через холодные рассылки.

Бесплатно сделаем аудит вашей текущей стратегии и покажем, как можно увеличить поток лидов.

Есть ли у вас время на короткий звонок в ближайшие дни?","Идея для {{industry}} / Результат, который мы получили","Привет, {name}!

Я писал вам на днях насчет автоматизации аутрича. Возможно, сейчас не самое подходящее время, но хочу поделиться кейсом.

Недавно мы запустили рассылку для компании из вашей отрасли. За 4 недели они получили 20+ квалифицированных лидов и 3 новых клиента.

Сделали это без спама — только персонализированный подход и умные цепочки писем.

Думаю, вашему бизнесу тоже может быть полезно. Давайте обсудим это на 15-минутном созвоне?",Будем на связи / Полезный материал для вас,"Привет, {name}!

Заметил, что вы не ответили на мои предыдущие письма. Возможно, сейчас вы заняты или не ищете подрядчиков для аутрича.

На всякий случай отправляю наш гайд ""5 ошибок в холодных рассылках, которые убивают конверсию"". Думаю, вам будет полезно.

Если когда-нибудь решите попробовать автоматизированный подход к лидогенерации — мы всегда открыты к диалогу.

Желаю успехов в развитии бизнеса!

P.S. Если не хотите получать больше писем, просто напишите ""стоп"" — и я вас сразу удалю из списка."
"АО ""Альфа-Банк"" (Альфа-Бизнес)",Банковское обслуживание для среднего и крупного бизнеса,{personalization_short},"Привет, {name}!

{personalization} — это отличный ход. Кстати, мы в Polza Agency как раз помогаем B2B-компаниям привлекать клиентов через холодные рассылки.

Бесплатно сделаем аудит вашей текущей стратегии и покажем, как можно увеличить поток лидов.

Есть ли у вас время на короткий звонок в ближайшие дни?","Идея для {{industry}} / Результат, который мы получили","Привет, {name}!

Я писал вам на днях насчет автоматизации аутрича. Возможно, сейчас не самое подходящее время, но хочу поделиться кейсом.

Недавно мы запустили рассылку для компании из вашей отрасли. За 4 недели они получили 20+ квалифицированных лидов и 3 новых клиента.

Сделали это без спама — только персонализированный подход и умные цепочки писем.

Думаю, вашему бизнесу тоже может быть полезно. Давайте обсудим это на 15-минутном созвоне?",Будем на связи / Полезный материал для вас,"Привет, {name}!

Заметил, что вы не ответили на мои предыдущие письма. Возможно, сейчас вы заняты или не ищете подрядчиков для аутрича.

На всякий случай отправляю наш гайд ""5 ошибок в холодных рассылках, которые убивают конверсию"". Думаю, вам будет полезно.

Если когда-нибудь решите попробовать автоматизированный подход к лидогенерации — мы всегда открыты к диалогу.

Желаю успехов в развитии бизнеса!

P.S. Если не хотите получать больше писем, просто напишите ""стоп"" — и я вас сразу удалю из списка."
"АО ""Т-Банк"" (Т-Бизнес)",Цифровой банк для малого и среднего бизнеса,{personalization_short},"Привет, {name}!

{personalization} — это отличный ход. Кстати, мы в Polza Agency как раз помогаем B2B-компаниям привлекать клиентов через холодные рассылки.

Бесплатно сделаем аудит вашей текущей стратегии и покажем, как можно увеличить поток лидов.

Есть ли у вас время на короткий звонок в ближайшие дни?","Идея для {{industry}} / Результат, который мы получили","Привет, {name}!

Я писал вам на днях насчет автоматизации аутрича. Возможно, сейчас не самое подходящее время, но хочу поделиться кейсом.

Недавно мы запустили рассылку для компании из вашей отрасли. За 4 недели они получили 20+ квалифицированных лидов и 3 новых клиента.

Сделали это без спама — только персонализированный подход и умные цепочки писем.

Думаю, вашему бизнесу тоже может быть полезно. Давайте обсудим это на 15-минутном созвоне?",Будем на связи / Полезный материал для вас,"Привет, {name}!

Заметил, что вы не ответили на мои предыдущие письма. Возможно, сейчас вы заняты или не ищете подрядчиков для аутрича.

На всякий случай отправляю наш гайд ""5 ошибок в холодных рассылках, которые убивают конверсию"". Думаю, вам будет полезно.

Если когда-нибудь решите попробовать автоматизированный подход к лидогенерации — мы всегда открыты к диалогу.

Желаю успехов в развитии бизнеса!

P.S. Если не хотите получать больше писем, просто напишите ""стоп"" — и я вас сразу удалю из списка."
Банк ВТБ (ПАО),Банковские продукты для корпоративных клиентов и госсектора,{personalization_short},"Привет, {name}!

{personalization} — это отличный ход. Кстати, мы в Polza Agency как раз помогаем B2B-компаниям привлекать клиентов через холодные рассылки.

Бесплатно сделаем аудит вашей текущей стратегии и покажем, как можно увеличить поток лидов.

Есть ли у вас время на короткий звонок в ближайшие дни?","Идея для {{industry}} / Результат, который мы получили","Привет, {name}!

Я писал вам на днях насчет автоматизации аутрича. Возможно, сейчас не самое подходящее время, но хочу поделиться кейсом.

Недавно мы запустили рассылку для компании из вашей отрасли. За 4 недели они получили 20+ квалифицированных лидов и 3 новых клиента.

Сделали это без спама — только персонализированный подход и умные цепочки писем.

Думаю, вашему бизнесу тоже может быть полезно. Давайте обсудим это на 15-минутном созвоне?",Будем на связи / Полезный материал для вас,"Привет, {name}!

Заметил, что вы не ответили на мои предыдущие письма. Возможно, сейчас вы заняты или не ищете подрядчиков для аутрича.

На всякий случай отправляю наш гайд ""5 ошибок в холодных рассылках, которые убивают конверсию"". Думаю, вам будет полезно.

Если когда-нибудь решите попробовать автоматизированный подход к лидогенерации — мы всегда открыты к диалогу.

Желаю успехов в развитии бизнеса!

P.S. Если не хотите получать больше писем, просто напишите ""стоп"" — и я вас сразу удалю из списка."
"АО ""Райффайзенбанк""",Корпоративный банк для среднего бизнеса,{personalization_short},"Привет, {name}!

{personalization} — это отличный ход. Кстати, мы в Polza Agency как раз помогаем B2B-компаниям привлекать клиентов через холодные рассылки.

Бесплатно сделаем аудит вашей текущей стратегии и покажем, как можно увеличить поток лидов.

Есть ли у вас время на короткий звонок в ближайшие дни?","Идея для {{industry}} / Результат, который мы получили","Привет, {name}!

Я писал вам на днях насчет автоматизации аутрича. Возможно, сейчас не самое подходящее время, но хочу поделиться кейсом.

Недавно мы запустили рассылку для компании из вашей отрасли. За 4 недели они получили 20+ квалифицированных лидов и 3 новых клиента.

Сделали это без спама — только персонализированный подход и умные цепочки писем.

Думаю, вашему бизнесу тоже может быть полезно. Давайте обсудим это на 15-минутном созвоне?",Будем на связи / Полезный материал для вас,"Привет, {name}!

Заметил, что вы не ответили на мои предыдущие письма. Возможно, сейчас вы заняты или не ищете подрядчиков для аутрича.

На всякий случай отправляю наш гайд ""5 ошибок в холодных рассылках, которые убивают конверсию"". Думаю, вам будет полезно.

Если когда-нибудь решите попробовать автоматизированный подход к лидогенерации — мы всегда открыты к диалогу.

Желаю успехов в развитии бизнеса!

P.S. Если не хотите получать больше писем, просто напишите ""стоп"" — и я вас сразу удалю из списка."
"ПАО ""Промсвязьбанк""",Корпоративный банк для госсектора и оборонных предприятий,{personalization_short},"Привет, {name}!

{personalization} — это отличный ход. Кстати, мы в Polza Agency как раз помогаем B2B-компаниям привлекать клиентов через холодные рассылки.

Бесплатно сделаем аудит вашей текущей стратегии и покажем, как можно увеличить поток лидов.

Есть ли у вас время на короткий звонок в ближайшие дни?","Идея для {{industry}} / Результат, который мы получили","Привет, {name}!

Я писал вам на днях насчет автоматизации аутрича. Возможно, сейчас не самое подходящее время, но хочу поделиться кейсом.

Недавно мы запустили рассылку для компании из вашей отрасли. За 4 недели они получили 20+ квалифицированных лидов и 3 новых клиента.

Сделали это без спама — только персонализированный подход и умные цепочки писем.

Думаю, вашему бизнесу тоже может быть полезно. Давайте обсудим это на 15-минутном созвоне?",Будем на связи / Полезный материал для вас,"Привет, {name}!

Заметил, что вы не ответили на мои предыдущие письма. Возможно, сейчас вы заняты или не ищете подрядчиков для аутрича.

На всякий случай отправляю наш гайд ""5 ошибок в холодных рассылках, которые убивают конверсию"". Думаю, вам будет полезно.

Если когда-нибудь решите попробовать автоматизированный подход к лидогенерации — мы всегда открыты к диалогу.

Желаю успехов в развитии бизнеса!

P.S. Если не хотите получать больше писем, просто напишите ""стоп"" — и я вас сразу удалю из списка."
"ООО ""Новые технологии"" (DCMG)",Рекламное агентство полного цикла для B2B-компаний,{personalization_short},"Привет, {name}!

{personalization} — это отличный ход. Кстати, мы в Polza Agency как раз помогаем B2B-компаниям привлекать клиентов через холодные рассылки.

Бесплатно сделаем аудит вашей текущей стратегии и покажем, как можно увеличить поток лидов.

Есть ли у вас время на короткий звонок в ближайшие дни?","Идея для {{industry}} / Результат, который мы получили","Привет, {name}!

Я писал вам на днях насчет автоматизации аутрича. Возможно, сейчас не самое подходящее время, но хочу поделиться кейсом.

Недавно мы запустили рассылку для компании из вашей отрасли. За 4 недели они получили 20+ квалифицированных лидов и 3 новых клиента.

Сделали это без спама — только персонализированный подход и умные цепочки писем.

Думаю, вашему бизнесу тоже может быть полезно. Давайте обсудим это на 15-минутном созвоне?",Будем на связи / Полезный материал для вас,"Привет, {name}!

Заметил, что вы не ответили на мои предыдущие письма. Возможно, сейчас вы заняты или не ищете подрядчиков для аутрича.

На всякий случай отправляю наш гайд ""5 ошибок в холодных рассылках, которые убивают конверсию"". Думаю, вам будет полезно.

Если когда-нибудь решите попробовать автоматизированный подход к лидогенерации — мы всегда открыты к диалогу.

Желаю успехов в развитии бизнеса!

P.S. Если не хотите получать больше писем, просто напишите ""стоп"" — и я вас сразу удалю из списка."
"ООО ""Перформикс"" (Performics Russia)",Перформанс-маркетинг для B2B и Retail-клиентов,{personalization_short},"Привет, {name}!

{personalization} — это отличный ход. Кстати, мы в Polza Agency как раз помогаем B2B-компаниям привлекать клиентов через холодные рассылки.

Бесплатно сделаем аудит вашей текущей стратегии и покажем, как можно увеличить поток лидов.

Есть ли у вас время на короткий звонок в ближайшие дни?","Идея для {{industry}} / Результат, который мы получили","Привет, {name}!

Я писал вам на днях насчет автоматизации аутрича. Возможно, сейчас не самое подходящее время, но хочу поделиться кейсом.

Недавно мы запустили рассылку для компании из вашей отрасли. За 4 недели они получили 20+ квалифицированных лидов и 3 новых клиента.

Сделали это без спама — только персонализированный подход и умные цепочки писем.

Думаю, вашему бизнесу тоже может быть полезно. Давайте обсудим это на 15-минутном созвоне?",Будем на связи / Полезный материал для вас,"Привет, {name}!

Заметил, что вы не ответили на мои предыдущие письма. Возможно, сейчас вы заняты или не ищете подрядчиков для аутрича.

На всякий случай отправляю наш гайд ""5 ошибок в холодных рассылках, которые убивают конверсию"". Думаю, вам будет полезно.

Если когда-нибудь решите попробовать автоматизированный подход к лидогенерации — мы всегда открыты к диалогу.

Желаю успехов в развитии бизнеса!

P.S. Если не хотите получать больше писем, просто напишите ""стоп"" — и я вас сразу удалю из списка."
"ООО ""Одода""",Digital-агентство для B2B и технологических компаний,{personalization_short},"Привет, {name}!

{personalization} — это отличный ход. Кстати, мы в Polza Agency как раз помогаем B2B-компаниям привлекать клиентов через холодные рассылки.

Бесплатно сделаем аудит вашей текущей стратегии и покажем, как можно увеличить поток лидов.

Есть ли у вас время на короткий звонок в ближайшие дни?","Идея для {{industry}} / Результат, который мы получили","Привет, {name}!

Я писал вам на днях насчет автоматизации аутрича. Возможно, сейчас не самое подходящее время, но хочу поделиться кейсом.

Недавно мы запустили рассылку для компании из вашей отрасли. За 4 недели они получили 20+ квалифицированных лидов и 3 новых клиента.

Сделали это без спама — только персонализированный подход и умные цепочки писем.

Думаю, вашему бизнесу тоже может быть полезно. Давайте обсудим это на 15-минутном созвоне?",Будем на связи / Полезный материал для вас,"Привет, {name}!

Заметил, что вы не ответили на мои предыдущие письма. Возможно, сейчас вы заняты или не ищете подрядчиков для аутрича.

На всякий случай отправляю наш гайд ""5 ошибок в холодных рассылках, которые убивают конверсию"". Думаю, вам будет полезно.

Если когда-нибудь решите попробовать автоматизированный подход к лидогенерации — мы всегда открыты к диалогу.

Желаю успехов в развитии бизнеса!

P.S. Если не хотите получать больше писем, просто напишите ""стоп"" — и я вас сразу удалю из списка."
"ООО ""Мобио"" (Mobio)",Performance-маркетинг и аналитика для B2B-бизнеса,{personalization_short},"Привет, {name}!

{personalization} — это отличный ход. Кстати, мы в Polza Agency как раз помогаем B2B-компаниям привлекать клиентов через холодные рассылки.

Бесплатно сделаем аудит вашей текущей стратегии и покажем, как можно увеличить поток лидов.

Есть ли у вас время на короткий звонок в ближайшие дни?","Идея для {{industry}} / Результат, который мы получили","Привет, {name}!

Я писал вам на днях насчет автоматизации аутрича. Возможно, сейчас не самое подходящее время, но хочу поделиться кейсом.

Недавно мы запустили рассылку для компании из вашей отрасли. За 4 недели они получили 20+ квалифицированных лидов и 3 новых клиента.

Сделали это без спама — только персонализированный подход и умные цепочки писем.

Думаю, вашему бизнесу тоже может быть полезно. Давайте обсудим это на 15-минутном созвоне?",Будем на связи / Полезный материал для вас,"Привет, {name}!

Заметил, что вы не ответили на мои предыдущие письма. Возможно, сейчас вы заняты или не ищете подрядчиков для аутрича.

На всякий случай отправляю наш гайд ""5 ошибок в холодных рассылках, которые убивают конверсию"". Думаю, вам будет полезно.

Если когда-нибудь решите попробовать автоматизированный подход к лидогенерации — мы всегда открыты к диалогу.

Желаю успехов в развитии бизнеса!

P.S. Если не хотите получать больше писем, просто напишите ""стоп"" — и я вас сразу удалю из списка."
"ООО ""Тексель"" (Texel)",Programmatic-платформа для рекламных кампаний B2B,{personalization_short},"Привет, {name}!

{personalization} — это отличный ход. Кстати, мы в Polza Agency как раз помогаем B2B-компаниям привлекать клиентов через холодные рассылки.

Бесплатно сделаем аудит вашей текущей стратегии и покажем, как можно увеличить поток лидов.

Есть ли у вас время на короткий звонок в ближайшие дни?","Идея для {{industry}} / Результат, который мы получили","Привет, {name}!

Я писал вам на днях насчет автоматизации аутрича. Возможно, сейчас не самое подходящее время, но хочу поделиться кейсом.

Недавно мы запустили рассылку для компании из вашей отрасли. За 4 недели они получили 20+ квалифицированных лидов и 3 новых клиента.

Сделали это без спама — только персонализированный подход и умные цепочки писем.

Думаю, вашему бизнесу тоже может быть полезно. Давайте обсудим это на 15-минутном созвоне?",Будем на связи / Полезный материал для вас,"Привет, {name}!

Заметил, что вы не ответили на мои предыдущие письма. Возможно, сейчас вы заняты или не ищете подрядчиков для аутрича.

На всякий случай отправляю наш гайд ""5 ошибок в холодных рассылках, которые убивают конверсию"". Думаю, вам будет полезно.

Если когда-нибудь решите попробовать автоматизированный подход к лидогенерации — мы всегда открыты к диалогу.

Желаю успехов в развитии бизнеса!

P.S. Если не хотите получать больше писем, просто напишите ""стоп"" — и я вас сразу удалю из списка."
"ПАО ""Группа ПИК""",Крупнейший девелопер жилья с B2B-направлением подрядных работ,{personalization_short},"Привет, {name}!

{personalization} — это отличный ход. Кстати, мы в Polza Agency как раз помогаем B2B-компаниям привлекать клиентов через холодные рассылки.

Бесплатно сделаем аудит вашей текущей стратегии и покажем, как можно увеличить поток лидов.

Есть ли у вас время на короткий звонок в ближайшие дни?","Идея для {{industry}} / Результат, который мы получили","Привет, {name}!

Я писал вам на днях насчет автоматизации аутрича. Возможно, сейчас не самое подходящее время, но хочу поделиться кейсом.

Недавно мы запустили рассылку для компании из вашей отрасли. За 4 недели они получили 20+ квалифицированных лидов и 3 новых клиента.

Сделали это без спама — только персонализированный подход и умные цепочки писем.

Думаю, вашему бизнесу тоже может быть полезно. Давайте обсудим это на 15-минутном созвоне?",Будем на связи / Полезный материал для вас,"Привет, {name}!

Заметил, что вы не ответили на мои предыдущие письма. Возможно, сейчас вы заняты или не ищете подрядчиков для аутрича.

На всякий случай отправляю наш гайд ""5 ошибок в холодных рассылках, которые убивают конверсию"". Думаю, вам будет полезно.

Если когда-нибудь решите попробовать автоматизированный подход к лидогенерации — мы всегда открыты к диалогу.

Желаю успехов в развитии бизнеса!

P.S. Если не хотите получать больше писем, просто напишите ""стоп"" — и я вас сразу удалю из списка."
"ПАО ""Самолёт""",Девелопер коммерческой недвижимости и госзаказов,{personalization_short},"Привет, {name}!

{personalization} — это отличный ход. Кстати, мы в Polza Agency как раз помогаем B2B-компаниям привлекать клиентов через холодные рассылки.

Бесплатно сделаем аудит вашей текущей стратегии и покажем, как можно увеличить поток лидов.

Есть ли у вас время на короткий звонок в ближайшие дни?","Идея для {{industry}} / Результат, который мы получили","Привет, {name}!

Я писал вам на днях насчет автоматизации аутрича. Возможно, сейчас не самое подходящее время, но хочу поделиться кейсом.

Недавно мы запустили рассылку для компании из вашей отрасли. За 4 недели они получили 20+ квалифицированных лидов и 3 новых клиента.

Сделали это без спама — только персонализированный подход и умные цепочки писем.

Думаю, вашему бизнесу тоже может быть полезно. Давайте обсудим это на 15-минутном созвоне?",Будем на связи / Полезный материал для вас,"Привет, {name}!

Заметил, что вы не ответили на мои предыдущие письма. Возможно, сейчас вы заняты или не ищете подрядчиков для аутрича.

На всякий случай отправляю наш гайд ""5 ошибок в холодных рассылках, которые убивают конверсию"". Думаю, вам будет полезно.

Если когда-нибудь решите попробовать автоматизированный подход к лидогенерации — мы всегда открыты к диалогу.

Желаю успехов в развитии бизнеса!

P.S. Если не хотите получать больше писем, просто напишите ""стоп"" — и я вас сразу удалю из списка."
Группа ЛСР (ПАО),Строительная группа с производством стройматериалов для B2B,{personalization_short},"Привет, {name}!

{personalization} — это отличный ход. Кстати, мы в Polza Agency как раз помогаем B2B-компаниям привлекать клиентов через холодные рассылки.

Бесплатно сделаем аудит вашей текущей стратегии и покажем, как можно увеличить поток лидов.

Есть ли у вас время на короткий звонок в ближайшие дни?","Идея для {{industry}} / Результат, который мы получили","Привет, {name}!

Я писал вам на днях насчет автоматизации аутрича. Возможно, сейчас не самое подходящее время, но хочу поделиться кейсом.

Недавно мы запустили рассылку для компании из вашей отрасли. За 4 недели они получили 20+ квалифицированных лидов и 3 новых клиента.

Сделали это без спама — только персонализированный подход и умные цепочки писем.

Думаю, вашему бизнесу тоже может быть полезно. Давайте обсудим это на 15-минутном созвоне?",Будем на связи / Полезный материал для вас,"Привет, {name}!

Заметил, что вы не ответили на мои предыдущие письма. Возможно, сейчас вы заняты или не ищете подрядчиков для аутрича.

На всякий случай отправляю наш гайд ""5 ошибок в холодных рассылках, которые убивают конверсию"". Думаю, вам будет полезно.

Если когда-нибудь решите попробовать автоматизированный подход к лидогенерации — мы всегда открыты к диалогу.

Желаю успехов в развитии бизнеса!

P.S. Если не хотите получать больше писем, просто напишите ""стоп"" — и я вас сразу удалю из списка."
"АО ""Стройтрансгаз""",Строительство инфраструктуры для нефтегазового сектора,{personalization_short},"Привет, {name}!

{personalization} — это отличный ход. Кстати, мы в Polza Agency как раз помогаем B2B-компаниям привлекать клиентов через холодные рассылки.

Бесплатно сделаем аудит вашей текущей стратегии и покажем, как можно увеличить поток лидов.

Есть ли у вас время на короткий звонок в ближайшие дни?","Идея для {{industry}} / Результат, который мы получили","Привет, {name}!

Я писал вам на днях насчет автоматизации аутрича. Возможно, сейчас не самое подходящее время, но хочу поделиться кейсом.

Недавно мы запустили рассылку для компании из вашей отрасли. За 4 недели они получили 20+ квалифицированных лидов и 3 новых клиента.

Сделали это без спама — только персонализированный подход и умные цепочки писем.

Думаю, вашему бизнесу тоже может быть полезно. Давайте обсудим это на 15-минутном созвоне?",Будем на связи / Полезный материал для вас,"Привет, {name}!

Заметил, что вы не ответили на мои предыдущие письма. Возможно, сейчас вы заняты или не ищете подрядчиков для аутрича.

На всякий случай отправляю наш гайд ""5 ошибок в холодных рассылках, которые убивают конверсию"". Думаю, вам будет полезно.

Если когда-нибудь решите попробовать автоматизированный подход к лидогенерации — мы всегда открыты к диалогу.

Желаю успехов в развитии бизнеса!

P.S. Если не хотите получать больше писем, просто напишите ""стоп"" — и я вас сразу удалю из списка."
"АО ""Московская Медицинская Палата"" (МЕДСИ)",Сеть клиник с корпоративным медицинским обслуживанием для бизнеса,{personalization_short},"Привет, {name}!

{personalization} — это отличный ход. Кстати, мы в Polza Agency как раз помогаем B2B-компаниям привлекать клиентов через холодные рассылки.

Бесплатно сделаем аудит вашей текущей стратегии и покажем, как можно увеличить поток лидов.

Есть ли у вас время на короткий звонок в ближайшие дни?","Идея для {{industry}} / Результат, который мы получили","Привет, {name}!

Я писал вам на днях насчет автоматизации аутрича. Возможно, сейчас не самое подходящее время, но хочу поделиться кейсом.

Недавно мы запустили рассылку для компании из вашей отрасли. За 4 недели они получили 20+ квалифицированных лидов и 3 новых клиента.

Сделали это без спама — только персонализированный подход и умные цепочки писем.

Думаю, вашему бизнесу тоже может быть полезно. Давайте обсудим это на 15-минутном созвоне?",Будем на связи / Полезный материал для вас,"Привет, {name}!

Заметил, что вы не ответили на мои предыдущие письма. Возможно, сейчас вы заняты или не ищете подрядчиков для аутрича.

На всякий случай отправляю наш гайд ""5 ошибок в холодных рассылках, которые убивают конверсию"". Думаю, вам будет полезно.

Если когда-нибудь решите попробовать автоматизированный подход к лидогенерации — мы всегда открыты к диалогу.

Желаю успехов в развитии бизнеса!

P.S. Если не хотите получать больше писем, просто напишите ""стоп"" — и я вас сразу удалю из списка."
"ООО ""СберЗдоровье""",Цифровая платформа для корпоративного здоровья и ДМС,{personalization_short},"Привет, {name}!

{personalization} — это отличный ход. Кстати, мы в Polza Agency как раз помогаем B2B-компаниям привлекать клиентов через холодные рассылки.

Бесплатно сделаем аудит вашей текущей стратегии и покажем, как можно увеличить поток лидов.

Есть ли у вас время на короткий звонок в ближайшие дни?","Идея для {{industry}} / Результат, который мы получили","Привет, {name}!

Я писал вам на днях насчет автоматизации аутрича. Возможно, сейчас не самое подходящее время, но хочу поделиться кейсом.

Недавно мы запустили рассылку для компании из вашей отрасли. За 4 недели они получили 20+ квалифицированных лидов и 3 новых клиента.

Сделали это без спама — только персонализированный подход и умные цепочки писем.

Думаю, вашему бизнесу тоже может быть полезно. Давайте обсудим это на 15-минутном созвоне?",Будем на связи / Полезный материал для вас,"Привет, {name}!

Заметил, что вы не ответили на мои предыдущие письма. Возможно, сейчас вы заняты или не ищете подрядчиков для аутрича.

На всякий случай отправляю наш гайд ""5 ошибок в холодных рассылках, которые убивают конверсию"". Думаю, вам будет полезно.

Если когда-нибудь решите попробовать автоматизированный подход к лидогенерации — мы всегда открыты к диалогу.

Желаю успехов в развитии бизнеса!

P.S. Если не хотите получать больше писем, просто напишите ""стоп"" — и я вас сразу удалю из списка."
"ООО ""Нетология""",Корпоративное обучение и повышение квалификации для компаний,{personalization_short},"Привет, {name}!

{personalization} — это отличный ход. Кстати, мы в Polza Agency как раз помогаем B2B-компаниям привлекать клиентов через холодные рассылки.

Бесплатно сделаем аудит вашей текущей стратегии и покажем, как можно увеличить поток лидов.

Есть ли у вас время на короткий звонок в ближайшие дни?","Идея для {{industry}} / Результат, который мы получили","Привет, {name}!

Я писал вам на днях насчет автоматизации аутрича. Возможно, сейчас не самое подходящее время, но хочу поделиться кейсом.

Недавно мы запустили рассылку для компании из вашей отрасли. За 4 недели они получили 20+ квалифицированных лидов и 3 новых клиента.

Сделали это без спама — только персонализированный подход и умные цепочки писем.

Думаю, вашему бизнесу тоже может быть полезно. Давайте обсудим это на 15-минутном созвоне?",Будем на связи / Полезный материал для вас,"Привет, {name}!

Заметил, что вы не ответили на мои предыдущие письма. Возможно, сейчас вы заняты или не ищете подрядчиков для аутрича.

На всякий случай отправляю наш гайд ""5 ошибок в холодных рассылках, которые убивают конверсию"". Думаю, вам будет полезно.

Если когда-нибудь решите попробовать автоматизированный подход к лидогенерации — мы всегда открыты к диалогу.

Желаю успехов в развитии бизнеса!

P.S. Если не хотите получать больше писем, просто напишите ""стоп"" — и я вас сразу удалю из списка."
"ООО ""Скиллбокс"" (Skillbox)",Корпоративные программы обучения для бизнеса,{personalization_short},"Привет, {name}!

{personalization} — это отличный ход. Кстати, мы в Polza Agency как раз помогаем B2B-компаниям привлекать клиентов через холодные рассылки.

Бесплатно сделаем аудит вашей текущей стратегии и покажем, как можно увеличить поток лидов.

Есть ли у вас время на короткий звонок в ближайшие дни?","Идея для {{industry}} / Результат, который мы получили","Привет, {name}!

Я писал вам на днях насчет автоматизации аутрича. Возможно, сейчас не самое подходящее время, но хочу поделиться кейсом.

Недавно мы запустили рассылку для компании из вашей отрасли. За 4 недели они получили 20+ квалифицированных лидов и 3 новых клиента.

Сделали это без спама — только персонализированный подход и умные цепочки писем.

Думаю, вашему бизнесу тоже может быть полезно. Давайте обсудим это на 15-минутном созвоне?",Будем на связи / Полезный материал для вас,"Привет, {name}!

Заметил, что вы не ответили на мои предыдущие письма. Возможно, сейчас вы заняты или не ищете подрядчиков для аутрича.

На всякий случай отправляю наш гайд ""5 ошибок в холодных рассылках, которые убивают конверсию"". Думаю, вам будет полезно.

Если когда-нибудь решите попробовать автоматизированный подход к лидогенерации — мы всегда открыты к диалогу.

Желаю успехов в развитии бизнеса!

P.S. Если не хотите получать больше писем, просто напишите ""стоп"" — и я вас сразу удалю из списка."
"АО ""ГикБрейнс"" (GeekBrains)",Обучение IT-специалистов для корпоративных клиентов,{personalization_short},"Привет, {name}!

{personalization} — это отличный ход. Кстати, мы в Polza Agency как раз помогаем B2B-компаниям привлекать клиентов через холодные рассылки.

Бесплатно сделаем аудит вашей текущей стратегии и покажем, как можно увеличить поток лидов.

Есть ли у вас время на короткий звонок в ближайшие дни?","Идея для {{industry}} / Результат, который мы получили","Привет, {name}!

Я писал вам на днях насчет автоматизации аутрича. Возможно, сейчас не самое подходящее время, но хочу поделиться кейсом.

Недавно мы запустили рассылку для компании из вашей отрасли. За 4 недели они получили 20+ квалифицированных лидов и 3 новых клиента.

Сделали это без спама — только персонализированный подход и умные цепочки писем.

Думаю, вашему бизнесу тоже может быть полезно. Давайте обсудим это на 15-минутном созвоне?",Будем на связи / Полезный материал для вас,"Привет, {name}!

Заметил, что вы не ответили на мои предыдущие письма. Возможно, сейчас вы заняты или не ищете подрядчиков для аутрича.

На всякий случай отправляю наш гайд ""5 ошибок в холодных рассылках, которые убивают конверсию"". Думаю, вам будет полезно.

Если когда-нибудь решите попробовать автоматизированный подход к лидогенерации — мы всегда открыты к диалогу.

Желаю успехов в развитии бизнеса!

P.S. Если не хотите получать больше писем, просто напишите ""стоп"" — и я вас сразу удалю из списка."
"ПАО ""Группа компаний Детский Мир"" (B2B)",Оптовые продажи детских товаров корпоративным клиентам,{personalization_short},"Привет, {name}!

{personalization} — это отличный ход. Кстати, мы в Polza Agency как раз помогаем B2B-компаниям привлекать клиентов через холодные рассылки.

Бесплатно сделаем аудит вашей текущей стратегии и покажем, как можно увеличить поток лидов.

Есть ли у вас время на короткий звонок в ближайшие дни?","Идея для {{industry}} / Результат, который мы получили","Привет, {name}!

Я писал вам на днях насчет автоматизации аутрича. Возможно, сейчас не самое подходящее время, но хочу поделиться кейсом.

Недавно мы запустили рассылку для компании из вашей отрасли. За 4 недели они получили 20+ квалифицированных лидов и 3 новых клиента.

Сделали это без спама — только персонализированный подход и умные цепочки писем.

Думаю, вашему бизнесу тоже может быть полезно. Давайте обсудим это на 15-минутном созвоне?",Будем на связи / Полезный материал для вас,"Привет, {name}!

Заметил, что вы не ответили на мои предыдущие письма. Возможно, сейчас вы заняты или не ищете подрядчиков для аутрича.

На всякий случай отправляю наш гайд ""5 ошибок в холодных рассылках, которые убивают конверсию"". Думаю, вам будет полезно.

Если когда-нибудь решите попробовать автоматизированный подход к лидогенерации — мы всегда открыты к диалогу.

Желаю успехов в развитии бизнеса!

P.S. Если не хотите получать больше писем, просто напишите ""стоп"" — и я вас сразу удалю из списка."
"ООО ""Юлмарт""",Оптовые поставки электроники и товаров для корпоративных клиентов,{personalization_short},"Привет, {name}!

{personalization} — это отличный ход. Кстати, мы в Polza Agency как раз помогаем B2B-компаниям привлекать клиентов через холодные рассылки.

Бесплатно сделаем аудит вашей текущей стратегии и покажем, как можно увеличить поток лидов.

Есть ли у вас время на короткий звонок в ближайшие дни?","Идея для {{industry}} / Результат, который мы получили","Привет, {name}!

Я писал вам на днях насчет автоматизации аутрича. Возможно, сейчас не самое подходящее время, но хочу поделиться кейсом.

Недавно мы запустили рассылку для компании из вашей отрасли. За 4 недели они получили 20+ квалифицированных лидов и 3 новых клиента.

Сделали это без спама — только персонализированный подход и умные цепочки писем.

Думаю, вашему бизнесу тоже может быть полезно. Давайте обсудим это на 15-минутном созвоне?",Будем на связи / Полезный материал для вас,"Привет, {name}!

Заметил, что вы не ответили на мои предыдущие письма. Возможно, сейчас вы заняты или не ищете подрядчиков для аутрича.

На всякий случай отправляю наш гайд ""5 ошибок в холодных рассылках, которые убивают конверсию"". Думаю, вам будет полезно.

Если когда-нибудь решите попробовать автоматизированный подход к лидогенерации — мы всегда открыты к диалогу.

Желаю успехов в развитии бизнеса!

P.S. Если не хотите получать больше писем, просто напишите ""стоп"" — и я вас сразу удалю из списка."
"АО ""Самокат"" (B2B)",Корпоративное питание и доставка для офисов,{personalization_short},"Привет, {name}!

{personalization} — это отличный ход. Кстати, мы в Polza Agency как раз помогаем B2B-компаниям привлекать клиентов через холодные рассылки.

Бесплатно сделаем аудит вашей текущей стратегии и покажем, как можно увеличить поток лидов.

Есть ли у вас время на короткий звонок в ближайшие дни?","Идея для {{industry}} / Результат, который мы получили","Привет, {name}!

Я писал вам на днях насчет автоматизации аутрича. Возможно, сейчас не самое подходящее время, но хочу поделиться кейсом.

Недавно мы запустили рассылку для компании из вашей отрасли. За 4 недели они получили 20+ квалифицированных лидов и 3 новых клиента.

Сделали это без спама — только персонализированный подход и умные цепочки писем.

Думаю, вашему бизнесу тоже может быть полезно. Давайте обсудим это на 15-минутном созвоне?",Будем на связи / Полезный материал для вас,"Привет, {name}!

Заметил, что вы не ответили на мои предыдущие письма. Возможно, сейчас вы заняты или не ищете подрядчиков для аутрича.

На всякий случай отправляю наш гайд ""5 ошибок в холодных рассылках, которые убивают конверсию"". Думаю, вам будет полезно.

Если когда-нибудь решите попробовать автоматизированный подход к лидогенерации — мы всегда открыты к диалогу.

Желаю успехов в развитии бизнеса!

P.S. Если не хотите получать больше писем, просто напишите ""стоп"" — и я вас сразу удалю из списка."
